1,TERRY TIGHTS,https://loremflickr.com/295/295/pants?random1,59,TECH CREW,https://loremflickr.com/295/295/shirt?random1,112,BARBADOS SWEATSHIRT,https://loremflickr.com/295/295/jacket?random1,162
2,BUS SWEATPANTS,https://loremflickr.com/295/295/pants?random2,90,TREFOIL TANK TOP,https://loremflickr.com/295/295/shirt?random2,68,TOWELS SWEATER,https://loremflickr.com/295/295/jacket?random2,107
3,SKI JOGGERS,https://loremflickr.com/295/295/pants?random3,113,TREFOIL HENLEY,https://loremflickr.com/295/295/shirt?random3,104,DOWN SWEATER,https://loremflickr.com/295/295/jacket?random3,125
4,LIGHTWEIGHT PANTS,https://loremflickr.com/295/295/pants?random4,98,PERFORMANCE TOP,https://loremflickr.com/295/295/shirt?random4,68,RAIN SWEATER,https://loremflickr.com/295/295/jacket?random4,110
5,INSULATED PANTS,https://loremflickr.com/295/295/pants?random5,88,CREDIT MOCK NECK,https://loremflickr.com/295/295/shirt?random5,92,ENHANCED COAT,https://loremflickr.com/295/295/jacket?random5,140
6,WARM-UP SWEATPANTS,https://loremflickr.com/295/295/pants?random6,26,CLASSIC TOP,https://loremflickr.com/295/295/shirt?random6,56,CONNECT KNIT SWEATSHIRT,https://loremflickr.com/295/295/jacket?random6,61
7,SLEEK SWEATPANTS,https://loremflickr.com/295/295/pants?random7,131,BALL SHIRT,https://loremflickr.com/295/295/shirt?random7,104,TURN-KEY TRACK PULLOVER,https://loremflickr.com/295/295/jacket?random7,142
8,MONITOR PANTS,https://loremflickr.com/295/295/pants?random8,91,TECH TEE,https://loremflickr.com/295/295/shirt?random8,106,TRAINING COAT,https://loremflickr.com/295/295/jacket?random8,161
9,HEAVYWEIGHT PANTS,https://loremflickr.com/295/295/pants?random9,131,PRACTICAL CREW,https://loremflickr.com/295/295/shirt?random9,29,RAIN PULLOVER,https://loremflickr.com/295/295/jacket?random9,152
10,PAYMENT SKI TIGHTS,https://loremflickr.com/295/295/pants?random10,50,ESSENTIAL TEE,https://loremflickr.com/295/295/shirt?random10,96,XSS WINDBREAKER,https://loremflickr.com/295/295/jacket?random10,60
11,BASEBALL SWEATPANTS,https://loremflickr.com/295/295/pants?random11,46,COMPRESSION HENLEY,https://loremflickr.com/295/295/shirt?random11,54,OPERATIONS WARM-UP HOODIE,https://loremflickr.com/295/295/jacket?random11,131
12,INSULATED JOGGERS,https://loremflickr.com/295/295/pants?random12,40,FTP TANK TOP,https://loremflickr.com/295/295/shirt?random12,103,PROTOCOL SWEATER,https://loremflickr.com/295/295/jacket?random12,47
13,PRO JOGGERS,https://loremflickr.com/295/295/pants?random13,34,FITTED SHIRT,https://loremflickr.com/295/295/shirt?random13,26,SQUARES TERRY SWEATER,https://loremflickr.com/295/295/jacket?random13,97
14,TRAINING TIGHTS,https://loremflickr.com/295/295/pants?random14,100,LONG SLEEVE JERSEY,https://loremflickr.com/295/295/shirt?random14,72,CONCRETE TECH PULLOVER,https://loremflickr.com/295/295/jacket?random14,156
15,PIXEL THERMAL SHORTS,https://loremflickr.com/295/295/pants?random15,117,MEWS TANK TOP,https://loremflickr.com/295/295/shirt?random15,45,KNIT HOODIE,https://loremflickr.com/295/295/jacket?random15,159
16,INSULATED SWEATPANTS,https://loremflickr.com/295/295/pants?random16,34,TREFOIL TOP,https://loremflickr.com/295/295/shirt?random16,93,TRAINING WINDBREAKER,https://loremflickr.com/295/295/jacket?random16,157
17,WITHDRAWAL BASKETBALL SHORTS,https://loremflickr.com/295/295/pants?random17,97,ESSENTIAL TOP,https://loremflickr.com/295/295/shirt?random17,104,VATU SHELL,https://loremflickr.com/295/295/jacket?random17,64
18,HEAVYWEIGHT SHORTS,https://loremflickr.com/295/295/pants?random18,40,PARTNERSHIPS FITTED TOP,https://loremflickr.com/295/295/shirt?random18,71,FITTED HOODIE,https://loremflickr.com/295/295/jacket?random18,112
19,INSULATED TIGHTS,https://loremflickr.com/295/295/pants?random19,110,PERFORMANCE TANK TOP,https://loremflickr.com/295/295/shirt?random19,69,CENTRAL CLASSIC VEST,https://loremflickr.com/295/295/jacket?random19,159
20,DYNAMIC TIGHTS,https://loremflickr.com/295/295/pants?random20,57,GRAPHIC HENLEY,https://loremflickr.com/295/295/shirt?random20,26,24 SHELL,https://loremflickr.com/295/295/jacket?random20,159
